[{"model": "admin.logentry", "pk": 1, "fields": {"action_time": "2024-06-20T14:38:56.684Z", "user": 1, "content_type": 6, "object_id": "1", "object_repr": "Jacket", "action_flag": 1, "change_message": "[{\"added\": {}}]"}}, {"model": "admin.logentry", "pk": 2, "fields": {"action_time": "2024-06-20T14:48:57.745Z", "user": 1, "content_type": 6, "object_id": "2", "object_repr": "Jeans", "action_flag": 1, "change_message": "[{\"added\": {}}]"}}, {"model": "admin.logentry", "pk": 3, "fields": {"action_time": "2024-06-20T14:49:23.869Z", "user": 1, "content_type": 6, "object_id": "3", "object_repr": "Shirts", "action_flag": 1, "change_message": "[{\"added\": {}}]"}}, {"model": "admin.logentry", "pk": 4, "fields": {"action_time": "2024-06-20T14:49:42.786Z", "user": 1, "content_type": 6, "object_id": "4", "object_repr": "Shoes", "action_flag": 1, "change_message": "[{\"added\": {}}]"}}, {"model": "admin.logentry", "pk": 5, "fields": {"action_time": "2024-06-20T14:50:01.412Z", "user": 1, "content_type": 6, "object_id": "5", "object_repr": "T shirt", "action_flag": 1, "change_message": "[{\"added\": {}}]"}}, {"model": "admin.logentry", "pk": 6, "fields": {"action_time": "2024-06-20T14:50:16.801Z", "user": 1, "content_type": 6, "object_id": "5", "object_repr": "T shirt", "action_flag": 2, "change_message": "[{\"changed\": {\"fields\": [\"Cat image\"]}}]"}}, {"model": "admin.logentry", "pk": 7, "fields": {"action_time": "2024-06-21T05:57:30.627Z", "user": 1, "content_type": 8, "object_id": "1", "object_repr": "ATX Jeans", "action_flag": 1, "change_message": "[{\"added\": {}}]"}}, {"model": "admin.logentry", "pk": 8, "fields": {"action_time": "2024-06-21T05:58:36.495Z", "user": 1, "content_type": 8, "object_id": "2", "object_repr": "Blue shirt", "action_flag": 1, "change_message": "[{\"added\": {}}]"}}, {"model": "admin.logentry", "pk": 9, "fields": {"action_time": "2024-06-21T06:00:38.143Z", "user": 1, "content_type": 8, "object_id": "3", "object_repr": "T shirt", "action_flag": 1, "change_message": "[{\"added\": {}}]"}}, {"model": "admin.logentry", "pk": 10, "fields": {"action_time": "2024-06-21T06:01:38.882Z", "user": 1, "content_type": 8, "object_id": "4", "object_repr": "Offwhite Jeans", "action_flag": 1, "change_message": "[{\"added\": {}}]"}}, {"model": "admin.logentry", "pk": 11, "fields": {"action_time": "2024-06-21T06:02:59.354Z", "user": 1, "content_type": 8, "object_id": "5", "object_repr": "Jordan Sneakers", "action_flag": 1, "change_message": "[{\"added\": {}}]"}}, {"model": "admin.logentry", "pk": 12, "fields": {"action_time": "2024-06-21T06:03:44.686Z", "user": 1, "content_type": 8, "object_id": "6", "object_repr": "Puma Ferrari", "action_flag": 1, "change_message": "[{\"added\": {}}]"}}, {"model": "admin.logentry", "pk": 13, "fields": {"action_time": "2024-06-21T06:04:42.072Z", "user": 1, "content_type": 8, "object_id": "7", "object_repr": "Polo jacket", "action_flag": 1, "change_message": "[{\"added\": {}}]"}}, {"model": "admin.logentry", "pk": 14, "fields": {"action_time": "2024-06-21T06:05:44.745Z", "user": 1, "content_type": 8, "object_id": "8", "object_repr": "Wrangler shirt", "action_flag": 1, "change_message": "[{\"added\": {}}]"}}, {"model": "admin.logentry", "pk": 15, "fields": {"action_time": "2024-08-06T12:45:37.114Z", "user": 1, "content_type": 8, "object_id": "9", "object_repr": "Red Nikey", "action_flag": 1, "change_message": "[{\"added\": {}}]"}}, {"model": "admin.logentry", "pk": 16, "fields": {"action_time": "2024-08-06T12:47:57.094Z", "user": 1, "content_type": 8, "object_id": "10", "object_repr": "Colorful Sneakers", "action_flag": 1, "change_message": "[{\"added\": {}}]"}}, {"model": "admin.logentry", "pk": 17, "fields": {"action_time": "2024-08-06T12:50:13.574Z", "user": 1, "content_type": 8, "object_id": "11", "object_repr": "Black Nikey", "action_flag": 1, "change_message": "[{\"added\": {}}]"}}, {"model": "admin.logentry", "pk": 18, "fields": {"action_time": "2024-08-06T12:53:17.586Z", "user": 1, "content_type": 8, "object_id": "12", "object_repr": "Vans", "action_flag": 1, "change_message": "[{\"added\": {}}]"}}, {"model": "admin.logentry", "pk": 19, "fields": {"action_time": "2024-08-06T12:55:26.751Z", "user": 1, "content_type": 8, "object_id": "13", "object_repr": "N Shoes", "action_flag": 1, "change_message": "[{\"added\": {}}]"}}, {"model": "admin.logentry", "pk": 20, "fields": {"action_time": "2024-08-06T12:57:30.368Z", "user": 1, "content_type": 6, "object_id": "6", "object_repr": "watches", "action_flag": 1, "change_message": "[{\"added\": {}}]"}}, {"model": "admin.logentry", "pk": 21, "fields": {"action_time": "2024-08-06T12:57:35.023Z", "user": 1, "content_type": 6, "object_id": "6", "object_repr": "watches", "action_flag": 2, "change_message": "[]"}}, {"model": "admin.logentry", "pk": 22, "fields": {"action_time": "2024-08-06T12:59:17.546Z", "user": 1, "content_type": 8, "object_id": "14", "object_repr": "Seiko", "action_flag": 1, "change_message": "[{\"added\": {}}]"}}, {"model": "admin.logentry", "pk": 23, "fields": {"action_time": "2024-08-06T13:01:23.384Z", "user": 1, "content_type": 8, "object_id": "15", "object_repr": "Silver Watch", "action_flag": 1, "change_message": "[{\"added\": {}}]"}}, {"model": "admin.logentry", "pk": 24, "fields": {"action_time": "2024-08-06T13:03:19.697Z", "user": 1, "content_type": 8, "object_id": "16", "object_repr": "Black Analog", "action_flag": 1, "change_message": "[{\"added\": {}}]"}}, {"model": "admin.logentry", "pk": 25, "fields": {"action_time": "2024-08-06T13:06:37.522Z", "user": 1, "content_type": 8, "object_id": "17", "object_repr": "Rugged Jeans", "action_flag": 1, "change_message": "[{\"added\": {}}]"}}, {"model": "admin.logentry", "pk": 26, "fields": {"action_time": "2024-08-06T13:07:45.516Z", "user": 1, "content_type": 8, "object_id": "18", "object_repr": "Grey Jeans", "action_flag": 1, "change_message": "[{\"added\": {}}]"}}, {"model": "admin.logentry", "pk": 27, "fields": {"action_time": "2024-08-06T13:11:05.163Z", "user": 1, "content_type": 6, "object_id": "7", "object_repr": "Pants For Men", "action_flag": 1, "change_message": "[{\"added\": {}}]"}}, {"model": "admin.logentry", "pk": 28, "fields": {"action_time": "2024-08-06T13:15:12.148Z", "user": 1, "content_type": 8, "object_id": "19", "object_repr": "Brown Pants", "action_flag": 1, "change_message": "[{\"added\": {}}]"}}, {"model": "admin.logentry", "pk": 29, "fields": {"action_time": "2024-08-06T13:16:16.005Z", "user": 1, "content_type": 8, "object_id": "20", "object_repr": "White Pants", "action_flag": 1, "change_message": "[{\"added\": {}}]"}}, {"model": "admin.logentry", "pk": 30, "fields": {"action_time": "2024-08-06T13:19:17.476Z", "user": 1, "content_type": 6, "object_id": "8", "object_repr": "Pants For Women", "action_flag": 1, "change_message": "[{\"added\": {}}]"}}, {"model": "admin.logentry", "pk": 31, "fields": {"action_time": "2024-08-06T13:21:11.522Z", "user": 1, "content_type": 8, "object_id": "21", "object_repr": "Official Ladies pants", "action_flag": 1, "change_message": "[{\"added\": {}}]"}}, {"model": "admin.logentry", "pk": 32, "fields": {"action_time": "2024-08-06T13:22:42.146Z", "user": 1, "content_type": 8, "object_id": "22", "object_repr": "Stripped Pants", "action_flag": 1, "change_message": "[{\"added\": {}}]"}}, {"model": "admin.logentry", "pk": 33, "fields": {"action_time": "2024-08-06T13:24:24.547Z", "user": 1, "content_type": 8, "object_id": "23", "object_repr": "Autum Pants", "action_flag": 1, "change_message": "[{\"added\": {}}]"}}, {"model": "admin.logentry", "pk": 34, "fields": {"action_time": "2024-08-06T13:26:26.284Z", "user": 1, "content_type": 6, "object_id": "9", "object_repr": "Dress", "action_flag": 1, "change_message": "[{\"added\": {}}]"}}, {"model": "admin.logentry", "pk": 35, "fields": {"action_time": "2024-08-06T13:27:37.295Z", "user": 1, "content_type": 8, "object_id": "24", "object_repr": "Pink dress", "action_flag": 1, "change_message": "[{\"added\": {}}]"}}, {"model": "admin.logentry", "pk": 36, "fields": {"action_time": "2024-08-06T13:28:48.719Z", "user": 1, "content_type": 8, "object_id": "25", "object_repr": "Beautiful Red dress", "action_flag": 1, "change_message": "[{\"added\": {}}]"}}, {"model": "admin.logentry", "pk": 37, "fields": {"action_time": "2024-08-06T13:30:13.098Z", "user": 1, "content_type": 8, "object_id": "26", "object_repr": "Black Freeflowing Dess", "action_flag": 1, "change_message": "[{\"added\": {}}]"}}, {"model": "admin.logentry", "pk": 38, "fields": {"action_time": "2024-08-06T13:31:30.244Z", "user": 1, "content_type": 8, "object_id": "27", "object_repr": "Floral Dress", "action_flag": 1, "change_message": "[{\"added\": {}}]"}}, {"model": "admin.logentry", "pk": 39, "fields": {"action_time": "2024-08-06T13:32:36.849Z", "user": 1, "content_type": 8, "object_id": "28", "object_repr": "Blue dress", "action_flag": 1, "change_message": "[{\"added\": {}}]"}}, {"model": "auth.permission", "pk": 1, "fields": {"name": "Can add log entry", "content_type": 1, "codename": "add_logentry"}}, {"model": "auth.permission", "pk": 2, "fields": {"name": "Can change log entry", "content_type": 1, "codename": "change_logentry"}}, {"model": "auth.permission", "pk": 3, "fields": {"name": "Can delete log entry", "content_type": 1, "codename": "delete_logentry"}}, {"model": "auth.permission", "pk": 4, "fields": {"name": "Can view log entry", "content_type": 1, "codename": "view_logentry"}}, {"model": "auth.permission", "pk": 5, "fields": {"name": "Can add permission", "content_type": 2, "codename": "add_permission"}}, {"model": "auth.permission", "pk": 6, "fields": {"name": "Can change permission", "content_type": 2, "codename": "change_permission"}}, {"model": "auth.permission", "pk": 7, "fields": {"name": "Can delete permission", "content_type": 2, "codename": "delete_permission"}}, {"model": "auth.permission", "pk": 8, "fields": {"name": "Can view permission", "content_type": 2, "codename": "view_permission"}}, {"model": "auth.permission", "pk": 9, "fields": {"name": "Can add group", "content_type": 3, "codename": "add_group"}}, {"model": "auth.permission", "pk": 10, "fields": {"name": "Can change group", "content_type": 3, "codename": "change_group"}}, {"model": "auth.permission", "pk": 11, "fields": {"name": "Can delete group", "content_type": 3, "codename": "delete_group"}}, {"model": "auth.permission", "pk": 12, "fields": {"name": "Can view group", "content_type": 3, "codename": "view_group"}}, {"model": "auth.permission", "pk": 13, "fields": {"name": "Can add content type", "content_type": 4, "codename": "add_contenttype"}}, {"model": "auth.permission", "pk": 14, "fields": {"name": "Can change content type", "content_type": 4, "codename": "change_contenttype"}}, {"model": "auth.permission", "pk": 15, "fields": {"name": "Can delete content type", "content_type": 4, "codename": "delete_contenttype"}}, {"model": "auth.permission", "pk": 16, "fields": {"name": "Can view content type", "content_type": 4, "codename": "view_contenttype"}}, {"model": "auth.permission", "pk": 17, "fields": {"name": "Can add session", "content_type": 5, "codename": "add_session"}}, {"model": "auth.permission", "pk": 18, "fields": {"name": "Can change session", "content_type": 5, "codename": "change_session"}}, {"model": "auth.permission", "pk": 19, "fields": {"name": "Can delete session", "content_type": 5, "codename": "delete_session"}}, {"model": "auth.permission", "pk": 20, "fields": {"name": "Can view session", "content_type": 5, "codename": "view_session"}}, {"model": "auth.permission", "pk": 21, "fields": {"name": "Can add category", "content_type": 6, "codename": "add_category"}}, {"model": "auth.permission", "pk": 22, "fields": {"name": "Can change category", "content_type": 6, "codename": "change_category"}}, {"model": "auth.permission", "pk": 23, "fields": {"name": "Can delete category", "content_type": 6, "codename": "delete_category"}}, {"model": "auth.permission", "pk": 24, "fields": {"name": "Can view category", "content_type": 6, "codename": "view_category"}}, {"model": "auth.permission", "pk": 25, "fields": {"name": "Can add account", "content_type": 7, "codename": "add_account"}}, {"model": "auth.permission", "pk": 26, "fields": {"name": "Can change account", "content_type": 7, "codename": "change_account"}}, {"model": "auth.permission", "pk": 27, "fields": {"name": "Can delete account", "content_type": 7, "codename": "delete_account"}}, {"model": "auth.permission", "pk": 28, "fields": {"name": "Can view account", "content_type": 7, "codename": "view_account"}}, {"model": "auth.permission", "pk": 29, "fields": {"name": "Can add product", "content_type": 8, "codename": "add_product"}}, {"model": "auth.permission", "pk": 30, "fields": {"name": "Can change product", "content_type": 8, "codename": "change_product"}}, {"model": "auth.permission", "pk": 31, "fields": {"name": "Can delete product", "content_type": 8, "codename": "delete_product"}}, {"model": "auth.permission", "pk": 32, "fields": {"name": "Can view product", "content_type": 8, "codename": "view_product"}}, {"model": "auth.permission", "pk": 33, "fields": {"name": "Can add cart", "content_type": 9, "codename": "add_cart"}}, {"model": "auth.permission", "pk": 34, "fields": {"name": "Can change cart", "content_type": 9, "codename": "change_cart"}}, {"model": "auth.permission", "pk": 35, "fields": {"name": "Can delete cart", "content_type": 9, "codename": "delete_cart"}}, {"model": "auth.permission", "pk": 36, "fields": {"name": "Can view cart", "content_type": 9, "codename": "view_cart"}}, {"model": "auth.permission", "pk": 37, "fields": {"name": "Can add cart item", "content_type": 10, "codename": "add_cartitem"}}, {"model": "auth.permission", "pk": 38, "fields": {"name": "Can change cart item", "content_type": 10, "codename": "change_cartitem"}}, {"model": "auth.permission", "pk": 39, "fields": {"name": "Can delete cart item", "content_type": 10, "codename": "delete_cartitem"}}, {"model": "auth.permission", "pk": 40, "fields": {"name": "Can view cart item", "content_type": 10, "codename": "view_cartitem"}}, {"model": "contenttypes.contenttype", "pk": 1, "fields": {"app_label": "admin", "model": "logentry"}}, {"model": "contenttypes.contenttype", "pk": 2, "fields": {"app_label": "auth", "model": "permission"}}, {"model": "contenttypes.contenttype", "pk": 3, "fields": {"app_label": "auth", "model": "group"}}, {"model": "contenttypes.contenttype", "pk": 4, "fields": {"app_label": "contenttypes", "model": "contenttype"}}, {"model": "contenttypes.contenttype", "pk": 5, "fields": {"app_label": "sessions", "model": "session"}}, {"model": "contenttypes.contenttype", "pk": 6, "fields": {"app_label": "category", "model": "category"}}, {"model": "contenttypes.contenttype", "pk": 7, "fields": {"app_label": "accounts", "model": "account"}}, {"model": "contenttypes.contenttype", "pk": 8, "fields": {"app_label": "store", "model": "product"}}, {"model": "contenttypes.contenttype", "pk": 9, "fields": {"app_label": "carts", "model": "cart"}}, {"model": "contenttypes.contenttype", "pk": 10, "fields": {"app_label": "carts", "model": "cartitem"}}, {"model": "sessions.session", "pk": "37sscdoew756kcx6lij68i1rkhdlu3hh", "fields": {"session_data": ".eJxVjDsOwyAQRO9CHSEWzAIp0_sMaPk4OIlAMnYV5e6xJRdJOfPezJt52tbit54XPyd2ZcAuv12g-Mz1AOlB9d54bHVd5sAPhZ-087Gl_Lqd7t9BoV72tTMkHFotAqKVWTo3WBcgRBUmkgpA5ZQGt2cbQQMJowk1JlQwGYGZfb7BXTcX:1sKISH:RSElUiQy67qrBT7pQW29MB994-MjuIH7t_XvWXDXjas", "expire_date": "2024-07-04T14:08:01.078Z"}}, {"model": "sessions.session", "pk": "3lx002ryweja9g7div6hwosutyo087m6", "fields": {"session_data": ".eJxVjDsOwyAQRO9CHSEWzAIp0_sMaPk4OIlAMnYV5e6xJRdJOfPezJt52tbit54XPyd2ZcAuv12g-Mz1AOlB9d54bHVd5sAPhZ-087Gl_Lqd7t9BoV72tTMkHFotAqKVWTo3WBcgRBUmkgpA5ZQGt2cbQQMJowk1JlQwGYGZfb7BXTcX:1stHFq:6QLdO9r9j4FrMQSNfmtl9PauFpkGQ_6u094txcuEQok", "expire_date": "2024-10-09T01:55:46.319Z"}}, {"model": "sessions.session", "pk": "b4bod1uu96o6ouqkj3xz4471sudp8gbm", "fields": {"session_data": ".eJxVjDsOwyAQRO9CHSEWzAIp0_sMaPk4OIlAMnYV5e6xJRdJOfPezJt52tbit54XPyd2ZcAuv12g-Mz1AOlB9d54bHVd5sAPhZ-087Gl_Lqd7t9BoV72tTMkHFotAqKVWTo3WBcgRBUmkgpA5ZQGt2cbQQMJowk1JlQwGYGZfb7BXTcX:1sbK0J:YmWglh-fxmA_EuY1rEceWyX0a4Rd1GyasXVPIdALzSI", "expire_date": "2024-08-20T13:13:31.335Z"}}, {"model": "sessions.session", "pk": "m2nb0vvcwctdgzd6x92yfwd69vztf549", "fields": {"session_data": ".eJxVjDsOwyAQRO9CHSEWzAIp0_sMaPk4OIlAMnYV5e6xJRdJOfPezJt52tbit54XPyd2ZcAuv12g-Mz1AOlB9d54bHVd5sAPhZ-087Gl_Lqd7t9BoV72tTMkHFotAqKVWTo3WBcgRBUmkgpA5ZQGt2cbQQMJowk1JlQwGYGZfb7BXTcX:1sWFIa:b1NNmtTLbm_-JoprAQ5H1XAXwuZElSsuZ1eIS-M3oUE", "expire_date": "2024-08-06T13:11:24.712Z"}}, {"model": "sessions.session", "pk": "xm62459vtmnc8es0j8fpown4bvk0k0k9", "fields": {"session_data": "e30:1serFp:jzGZtC_r-qMWZjFYPkwhDyDro76F0mQTjA0PMjmRXPQ", "expire_date": "2024-08-30T07:20:09.566Z"}}, {"model": "category.category", "pk": 1, "fields": {"category_name": "Jacket", "slug": "jacket", "description": "Cool Jackets category", "cat_image": "photos/categories/jackets.jpg"}}, {"model": "category.category", "pk": 2, "fields": {"category_name": "Jeans", "slug": "jeans", "description": "Cool Jeans Category", "cat_image": "photos/categories/jeans.jpg"}}, {"model": "category.category", "pk": 3, "fields": {"category_name": "Shirts", "slug": "shirts", "description": "Cool Shirt Category", "cat_image": "photos/categories/shirts.jpg"}}, {"model": "category.category", "pk": 4, "fields": {"category_name": "Shoes", "slug": "shoes", "description": "Cool Shoe Category", "cat_image": "photos/categories/shoes.png"}}, {"model": "category.category", "pk": 5, "fields": {"category_name": "T shirt", "slug": "t-shirt", "description": "Cool tshirt Category", "cat_image": "photos/categories/tshirts.jpg"}}, {"model": "category.category", "pk": 6, "fields": {"category_name": "watches", "slug": "watches", "description": "This is the watches category.", "cat_image": "photos/categories/ediffice-7655723_640.jpg"}}, {"model": "category.category", "pk": 7, "fields": {"category_name": "Pants For Men", "slug": "pants-men", "description": "This is a collection of pants for men.", "cat_image": "photos/categories/pants-2604730_640.jpg"}}, {"model": "category.category", "pk": 8, "fields": {"category_name": "Pants For Women", "slug": "pants-women", "description": "Category for women's pants.", "cat_image": "photos/categories/clothes-3902600_640.jpg"}}, {"model": "category.category", "pk": 9, "fields": {"category_name": "Dress", "slug": "dress", "description": "", "cat_image": "photos/categories/woman-7687153_640.jpg"}}, {"model": "accounts.account", "pk": 1, "fields": {"password": "pbkdf2_sha256$216000$A84CtJikKJ51$1+grL7J04X2xlKQ9toF/T26W8omVKzXTZiSTHXa0ejg=", "is_superuser": false, "email": "guru@gmail.com", "first_name": "guru", "last_name": "admin", "username": "guru", "phonenumber": "", "date_joined": "2024-06-20T14:07:17.396Z", "last_login": "2024-09-25T01:55:46.209Z", "is_admin": true, "is_staff": true, "is_active": true, "is_superadmin": true, "groups": [], "user_permissions": []}}, {"model": "store.product", "pk": 1, "fields": {"product_name": "ATX Jeans", "slug": "atx-jeans", "description": "This is a atx jeans in the jeans category", "price": 199, "images": "photos/products/ATX-Jeans.jpg", "stock": 50, "is_available": true, "category": 2, "created_date": "2024-06-21T05:57:30.591Z", "modified_date": "2024-06-21T05:57:30.591Z"}}, {"model": "store.product", "pk": 2, "fields": {"product_name": "Blue shirt", "slug": "blue-shirt", "description": "Classic Blue Shirt with long sleeves.", "price": 50, "images": "photos/products/Blue-Shirt.jpg", "stock": 45, "is_available": true, "category": 3, "created_date": "2024-06-21T05:58:36.494Z", "modified_date": "2024-06-21T05:58:36.494Z"}}, {"model": "store.product", "pk": 3, "fields": {"product_name": "T shirt", "slug": "t-shirt", "description": "Playful tshirt with colorful patterns", "price": 29, "images": "photos/products/Great-Tshirt.jpg", "stock": 30, "is_available": true, "category": 5, "created_date": "2024-06-21T06:00:38.140Z", "modified_date": "2024-06-21T06:00:38.140Z"}}, {"model": "store.product", "pk": 4, "fields": {"product_name": "Offwhite Jeans", "slug": "offwhite-jeans", "description": "Fitting off-white jeans", "price": 199, "images": "photos/products/image2.jpg", "stock": 20, "is_available": true, "category": 2, "created_date": "2024-06-21T06:01:38.879Z", "modified_date": "2024-06-21T06:01:38.879Z"}}, {"model": "store.product", "pk": 5, "fields": {"product_name": "Jordan Sneakers", "slug": "jordan-sneakers", "description": "Snug fashionable sneakers for playing basketball.", "price": 200, "images": "photos/products/jordan-true-flight-basketball-shoes.jpg", "stock": 40, "is_available": true, "category": 4, "created_date": "2024-06-21T06:02:59.347Z", "modified_date": "2024-06-21T06:02:59.347Z"}}, {"model": "store.product", "pk": 6, "fields": {"product_name": "Puma Ferrari", "slug": "puma-ferrari", "description": "Designer shoes.", "price": 200, "images": "photos/products/Puma-Ferrari-Shoes.jpg", "stock": 20, "is_available": true, "category": 4, "created_date": "2024-06-21T06:03:44.684Z", "modified_date": "2024-06-21T06:03:44.684Z"}}, {"model": "store.product", "pk": 7, "fields": {"product_name": "Polo jacket", "slug": "polo-jacket", "description": "A warm fashionable looking polo jacket.", "price": 150, "images": "photos/products/US-Polo-Assn_Jacket.jpg", "stock": 20, "is_available": true, "category": 1, "created_date": "2024-06-21T06:04:42.070Z", "modified_date": "2024-06-21T06:04:42.070Z"}}, {"model": "store.product", "pk": 8, "fields": {"product_name": "Wrangler shirt", "slug": "wrangler-shirt", "description": "A happy free looking shirt for warm weather.", "price": 50, "images": "photos/products/Wrangler-Shirt.jpg", "stock": 25, "is_available": true, "category": 3, "created_date": "2024-06-21T06:05:44.744Z", "modified_date": "2024-06-21T06:05:44.744Z"}}, {"model": "store.product", "pk": 9, "fields": {"product_name": "Red Nikey", "slug": "red-nikey", "description": "Sporty red nikey runner shoes.", "price": 200, "images": "photos/products/domino-studio-164_6wVEHfI-unsplash.jpg", "stock": 100, "is_available": true, "category": 4, "created_date": "2024-08-06T12:45:37.110Z", "modified_date": "2024-08-06T12:45:37.110Z"}}, {"model": "store.product", "pk": 10, "fields": {"product_name": "Colorful Sneakers", "slug": "colorful-sneakers", "description": "Colorful stylish sneakers", "price": 150, "images": "photos/products/irene-kredenets-dwKiHoqqxk8-unsplash.jpg", "stock": 50, "is_available": true, "category": 4, "created_date": "2024-08-06T12:47:57.091Z", "modified_date": "2024-08-06T12:47:57.091Z"}}, {"model": "store.product", "pk": 11, "fields": {"product_name": "Black Nikey", "slug": "black-nikey", "description": "Black nikey for playing online sports.", "price": 200, "images": "photos/products/imani-bahati-LxVxPA1LOVM-unsplash.jpg", "stock": 50, "is_available": true, "category": 4, "created_date": "2024-08-06T12:50:13.572Z", "modified_date": "2024-08-06T12:50:13.572Z"}}, {"model": "store.product", "pk": 12, "fields": {"product_name": "Vans", "slug": "vans", "description": "maroon vans for style.", "price": 25, "images": "photos/products/paul-gaudriault-a-QH9MAAVNI-unsplash.jpg", "stock": 100, "is_available": true, "category": 4, "created_date": "2024-08-06T12:53:17.584Z", "modified_date": "2024-08-06T12:53:17.584Z"}}, {"model": "store.product", "pk": 13, "fields": {"product_name": "N Shoes", "slug": "n-shoes", "description": "Pink N shoes.", "price": 30, "images": "photos/products/maksim-larin-ezdrvzA1hZw-unsplash.jpg", "stock": 70, "is_available": true, "category": 4, "created_date": "2024-08-06T12:55:26.750Z", "modified_date": "2024-08-06T12:55:26.750Z"}}, {"model": "store.product", "pk": 14, "fields": {"product_name": "Seiko", "slug": "seiko", "description": "seiko watch", "price": 30, "images": "photos/products/watch-7433126_640.jpg", "stock": 50, "is_available": true, "category": 6, "created_date": "2024-08-06T12:59:17.544Z", "modified_date": "2024-08-06T12:59:17.544Z"}}, {"model": "store.product", "pk": 15, "fields": {"product_name": "Silver Watch", "slug": "silver-watch", "description": "Analog silver watch", "price": 100, "images": "photos/products/ediffice-7655723_640.jpg", "stock": 20, "is_available": true, "category": 6, "created_date": "2024-08-06T13:01:23.382Z", "modified_date": "2024-08-06T13:01:23.382Z"}}, {"model": "store.product", "pk": 16, "fields": {"product_name": "Black Analog", "slug": "black-analog", "description": "Black analog watch", "price": 30, "images": "photos/products/time-3091031_640.jpg", "stock": 20, "is_available": true, "category": 6, "created_date": "2024-08-06T13:03:19.696Z", "modified_date": "2024-08-06T13:03:19.696Z"}}, {"model": "store.product", "pk": 17, "fields": {"product_name": "Rugged Jeans", "slug": "rugged-jeans", "description": "Rugged Jeans for the ladies.", "price": 40, "images": "photos/products/pants-4195522_640.jpg", "stock": 80, "is_available": true, "category": 2, "created_date": "2024-08-06T13:06:37.521Z", "modified_date": "2024-08-06T13:06:37.521Z"}}, {"model": "store.product", "pk": 18, "fields": {"product_name": "Grey Jeans", "slug": "grey-jeans", "description": "Grey Casual Jeans for guys.", "price": 50, "images": "photos/products/pants-3737416_640.jpg", "stock": 20, "is_available": true, "category": 2, "created_date": "2024-08-06T13:07:45.511Z", "modified_date": "2024-08-06T13:07:45.511Z"}}, {"model": "store.product", "pk": 19, "fields": {"product_name": "Brown Pants", "slug": "brown-pants", "description": "Brown Casual Pants", "price": 30, "images": "photos/products/male-2605630_640.jpg", "stock": 45, "is_available": true, "category": 7, "created_date": "2024-08-06T13:15:12.147Z", "modified_date": "2024-08-06T13:15:12.147Z"}}, {"model": "store.product", "pk": 20, "fields": {"product_name": "White Pants", "slug": "white-pants", "description": "White Casual Pants", "price": 30, "images": "photos/products/pants-2604730_640.jpg", "stock": 50, "is_available": true, "category": 7, "created_date": "2024-08-06T13:16:16.004Z", "modified_date": "2024-08-06T13:16:16.004Z"}}, {"model": "store.product", "pk": 21, "fields": {"product_name": "Official Ladies pants", "slug": "official-ladies-pants", "description": "official woman pants.", "price": 30, "images": "photos/products/clothes-3902600_640.jpg", "stock": 200, "is_available": true, "category": 8, "created_date": "2024-08-06T13:21:11.521Z", "modified_date": "2024-08-06T13:21:11.521Z"}}, {"model": "store.product", "pk": 22, "fields": {"product_name": "Stripped Pants", "slug": "stripped-pants", "description": "stripped pants for the ladies.", "price": 45, "images": "photos/products/fashion-4514890_640.jpg", "stock": 100, "is_available": true, "category": 8, "created_date": "2024-08-06T13:22:42.145Z", "modified_date": "2024-08-06T13:22:42.145Z"}}, {"model": "store.product", "pk": 23, "fields": {"product_name": "Autum Pants", "slug": "autum-pants", "description": "Autum pants for the ladies.", "price": 45, "images": "photos/products/fashion-4104003_640.jpg", "stock": 50, "is_available": true, "category": 8, "created_date": "2024-08-06T13:24:24.545Z", "modified_date": "2024-08-06T13:24:24.546Z"}}, {"model": "store.product", "pk": 24, "fields": {"product_name": "Pink dress", "slug": "pink-dress", "description": "Beautiful Pink dress", "price": 50, "images": "photos/products/woman-7687153_640.jpg", "stock": 100, "is_available": true, "category": 9, "created_date": "2024-08-06T13:27:37.294Z", "modified_date": "2024-08-06T13:27:37.294Z"}}, {"model": "store.product", "pk": 25, "fields": {"product_name": "Beautiful Red dress", "slug": "beautiful-red-dress", "description": "Beautiful Red Dress", "price": 100, "images": "photos/products/red-dress-7564321_640.jpg", "stock": 120, "is_available": true, "category": 9, "created_date": "2024-08-06T13:28:48.717Z", "modified_date": "2024-08-06T13:28:48.717Z"}}, {"model": "store.product", "pk": 26, "fields": {"product_name": "Black Freeflowing Dess", "slug": "black-freeflowing-dess", "description": "Black free dress", "price": 50, "images": "photos/products/woman-448631_640.jpg", "stock": 20, "is_available": true, "category": 9, "created_date": "2024-08-06T13:30:13.096Z", "modified_date": "2024-08-06T13:30:13.097Z"}}, {"model": "store.product", "pk": 27, "fields": {"product_name": "Floral Dress", "slug": "floral-dress", "description": "Beautiful floral dress.", "price": 50, "images": "photos/products/woman-5679284_640.jpg", "stock": 200, "is_available": true, "category": 9, "created_date": "2024-08-06T13:31:30.243Z", "modified_date": "2024-08-06T13:31:30.243Z"}}, {"model": "store.product", "pk": 28, "fields": {"product_name": "Blue dress", "slug": "blue-dress", "description": "Beautiful blue dress.", "price": 50, "images": "photos/products/woman-6115105_640.jpg", "stock": 100, "is_available": true, "category": 9, "created_date": "2024-08-06T13:32:36.847Z", "modified_date": "2024-08-06T13:32:36.847Z"}}, {"model": "carts.cart", "pk": 1, "fields": {"cart_id": "b4bod1uu96o6ouqkj3xz4471sudp8gbm", "date_added": "2024-08-07"}}, {"model": "carts.cart", "pk": 2, "fields": {"cart_id": "3lx3gdsg7x0mmcrky7g1wtd9p8c9dxip", "date_added": "2024-09-24"}}, {"model": "carts.cartitem", "pk": 11, "fields": {"product": 1, "cart": 1, "quantity": 2, "is_active": true}}, {"model": "carts.cartitem", "pk": 12, "fields": {"product": 3, "cart": 1, "quantity": 1, "is_active": true}}, {"model": "carts.cartitem", "pk": 13, "fields": {"product": 6, "cart": 1, "quantity": 1, "is_active": true}}]